<?xml version="1.0" encoding="UTF-8"?>
<project-private xmlns="http://www.netbeans.org/ns/project-private/1">
    <editor-bookmarks xmlns="http://www.netbeans.org/ns/editor-bookmarks/2" lastBookmarkId="0"/>
    <open-files xmlns="http://www.netbeans.org/ns/projectui-open-files/2">
        <group>
            <file>file:/C:/Users/Admin/Documents/NetBeansProjects/xdptpm-nhom01/xdptpm-nhom01-QLBanHang/src/GUI/frmDangNhap.java</file>
            <file>file:/C:/Users/Admin/Documents/NetBeansProjects/xdptpm-nhom01/xdptpm-nhom01-QLBanHang/src/GUI/frmNhanVien.java</file>
            <file>file:/C:/Users/Admin/Documents/NetBeansProjects/xdptpm-nhom01/xdptpm-nhom01-QLBanHang/src/GUI/frmMain.java</file>
            <file>file:/C:/Users/Admin/Documents/NetBeansProjects/xdptpm-nhom01/xdptpm-nhom01-QLBanHang/nbproject/build-impl.xml</file>
        </group>
    </open-files>
</project-private>
